MaleNames,FemaleNames,
Noah,Olivia,
Theo,Amelia,
Oliver,Isla,
George,Lily,
Leo,Ava,
Freddie,Freya
Arthur,Ivy,
Archie,Milly,
Alfie,Mia,
Charlie,Sophia,
Oscar,Poppy,
Henry,Emily,
Harry,Willow,
Jack,Grace,
Teddy,Evie,
Finley,Elsie,
Arlo,Rosie,
Luca,Isabella,
Jacob,Daisy,
Tommy,Sienna,
Lucas,Florence,
Theodore,Ella,
Max,Charlotte,
Isaac,Harper,
Albie,Phoebe,
James,Ruby,
Mason,Sofia,
Rory,Sophie,
Thomas,Evelyn,
Rueben,Maisie,
Roman,Emilia,
Logan,Aria,
Harrison,Matilda,
William,Maya,
Elijah,Luna,
Ethan,Esme,
Joshua,Hallie,
Hudson,Alice,
Jude,Lottie,
Louie,Mila,
Jaxon,Isabelle,
Reggie,Violet,
Oakley,Ellie,
Hunter,Aurora,
Alexander,Maeve,
Toby,Scarlett,
Adam,Delilah,
Sebastian,Ada,
Daniel,Bonnie,
Ezra,Penelope,
Rowan,Ayla,
Alex,Erin,
Dylan,Layla,
Ronnie,Chloe,
Kai,Arabella,
Hugo,Eva,
Louis,Mabel,
Riley,Eliza,
Edward,Rose,
Finn,Thea,
Grayson,Robyn,
Elliot,Molly,
Caleb,Imogen,
Benjamin,Nancy,
Bobby,Zara,
Frankie,Harriet,
Zachary,Bella,
Brody,Gracie,
Jackson,Emma,
Ollie,Eleanor,
Jasper,Lucy,
Liam,Eden,
Stanley,Lyla,
Sonny,Jessica,
Blake,Lyra,
Albert,Darcie,
Joseph,Heidi,
Chester,Elizabeth,
Carter,Orla,
David,Iris,
Milo,Elodie,
Ellis,Margot,
Jenson,Hannah,
Samuel,Lola,
Gabriel,Ophelia,
Eddie,Eloise,
Rupert,Maddison,
Eli,Lara,
Myles,Hazel,
Brodie,Frankie,
Parker,Pippa,
Ralph,Lilly,
Raph,Nova,
Miles,Autumn,
Jayden,Clara,
Billy,Nellie,
Elliott,Myla,
Jax,Athena,
Ryan,Amelie,
Joey,Niamh,